date,free_space_gb,disk_id
2021-06-01,53.120000000000005,0
2021-06-02,51.41,0
2021-06-03,51.45,0
2021-06-04,47.81,0
2021-06-05,48.3,0
2021-06-06,43.44,0
2021-06-07,44.46,0
2021-06-08,43.91,0
2021-06-09,40.32,0
2021-06-10,40.42,0
2021-06-11,40.52,0
2021-06-12,41.53,0
2021-06-13,36.27,0
2021-06-14,40.05,0
2021-06-15,37.56,0
2021-06-16,34.72,0
2021-06-17,32.74999999999999,0
2021-06-18,37.42,0
2021-06-19,36.03,0
2021-06-20,31.32,0
2021-06-21,32.14,0
2021-06-22,31.64,0
2021-06-23,28.78,0
2021-06-24,29.61,0
2021-06-25,29.01,0
2021-06-26,25.68,0
2021-06-27,28.25,0
2021-06-28,22.7,0
2021-06-29,21.78,0
2021-06-30,21.020000000000003,0
2021-06-01,44.78,1
2021-06-02,46.45,1
2021-06-03,42.65,1
2021-06-04,45.0,1
2021-06-05,42.75,1
2021-06-06,43.38,1
2021-06-07,40.42,1
2021-06-08,40.96,1
2021-06-09,36.53,1
2021-06-10,34.85,1
2021-06-11,35.739999999999995,1
2021-06-12,35.459999999999994,1
2021-06-13,33.62,1
2021-06-14,32.02,1
2021-06-15,27.770000000000003,1
2021-06-16,29.93,1
2021-06-17,26.09,1
2021-06-18,29.13,1
2021-06-19,25.270000000000003,1
2021-06-20,27.1,1
2021-06-21,26.160000000000004,1
2021-06-22,23.27,1
2021-06-23,20.96,1
2021-06-24,20.91,1
2021-06-25,19.58,1
2021-06-26,22.95,1
2021-06-27,18.020000000000003,1
2021-06-28,22.0,1
2021-06-29,19.27,1
2021-06-30,15.82,1
2021-06-01,51.78,2
2021-06-02,50.760000000000005,2
2021-06-03,45.7,2
2021-06-04,46.93,2
2021-06-05,43.440000000000005,2
2021-06-06,43.25000000000001,2
2021-06-07,42.39,2
2021-06-08,36.61,2
2021-06-09,32.60999999999999,2
2021-06-10,36.52,2
2021-06-11,31.37,2
2021-06-12,30.76,2
2021-06-13,26.18,2
2021-06-14,22.36,2
2021-06-15,21.32,2
2021-06-16,18.26,2
2021-06-17,20.51,2
2021-06-18,18.71,2
2021-06-19,16.480000000000004,2
2021-06-20,14.73,2
2021-06-21,12.66,2
2021-06-22,11.72,2
2021-06-23,7.449999999999999,2
2021-06-24,5.73,2
2021-06-25,4.529999999999999,2
2021-06-26,5.199999999999999,2
2021-06-27,4.74,2
2021-06-28,2.27,2
2021-06-29,2.03,2
2021-06-30,-0.88,2
2021-06-01,50.24,3
2021-06-02,47.620000000000005,3
2021-06-03,47.26,3
2021-06-04,44.16,3
2021-06-05,49.14,3
2021-06-06,46.64000000000001,3
2021-06-07,46.25,3
2021-06-08,47.76,3
2021-06-09,42.65,3
2021-06-10,41.23,3
2021-06-11,43.88999999999999,3
2021-06-12,41.47,3
2021-06-13,40.29,3
2021-06-14,38.28,3
2021-06-15,38.24,3
2021-06-16,36.15,3
2021-06-17,35.41,3
2021-06-18,34.45,3
2021-06-19,34.78,3
2021-06-20,33.01,3
2021-06-21,30.46,3
2021-06-22,28.66,3
2021-06-23,27.42,3
2021-06-24,29.0,3
2021-06-25,28.06,3
2021-06-26,25.75,3
2021-06-27,27.74,3
2021-06-28,24.15,3
2021-06-29,22.15,3
2021-06-30,18.02,3
2021-06-01,45.82,4
2021-06-02,44.5,4
2021-06-03,44.1,4
2021-06-04,44.54,4
2021-06-05,38.31,4
2021-06-06,40.92000000000001,4
2021-06-07,39.93,4
2021-06-08,40.95,4
2021-06-09,38.87,4
2021-06-10,36.83,4
2021-06-11,35.2,4
2021-06-12,31.95,4
2021-06-13,29.98,4
2021-06-14,34.81,4
2021-06-15,32.44,4
2021-06-16,29.58,4
2021-06-17,27.99,4
2021-06-18,26.94,4
2021-06-19,28.41,4
2021-06-20,27.36,4
2021-06-21,21.79,4
2021-06-22,21.94,4
2021-06-23,26.12,4
2021-06-24,21.56,4
2021-06-25,20.270000000000003,4
2021-06-26,20.38,4
2021-06-27,22.44,4
2021-06-28,22.130000000000003,4
2021-06-29,21.83,4
2021-06-30,15.47,4
2021-06-01,53.620000000000005,5
2021-06-02,50.14000000000001,5
2021-06-03,45.18,5
2021-06-04,45.05,5
2021-06-05,44.0,5
2021-06-06,43.400000000000006,5
2021-06-07,41.27,5
2021-06-08,41.53,5
2021-06-09,40.1,5
2021-06-10,31.84,5
2021-06-11,29.0,5
2021-06-12,26.41,5
2021-06-13,25.8,5
2021-06-14,21.72,5
2021-06-15,22.08,5
2021-06-16,19.71,5
2021-06-17,20.56,5
2021-06-18,15.98,5
2021-06-19,14.37,5
2021-06-20,13.81,5
2021-06-21,15.1,5
2021-06-22,9.589999999999998,5
2021-06-23,8.42,5
2021-06-24,9.5,5
2021-06-25,5.56,5
2021-06-26,3.81,5
2021-06-27,5.25,5
2021-06-28,4.3100000000000005,5
2021-06-29,-0.2400000000000001,5
2021-06-30,-2.49,5
2021-06-01,50.24,6
2021-06-02,47.870000000000005,6
2021-06-03,47.63,6
2021-06-04,48.37,6
2021-06-05,48.36,6
2021-06-06,48.49,6
2021-06-07,45.83,6
2021-06-08,46.65,6
2021-06-09,44.07,6
2021-06-10,42.39,6
2021-06-11,42.34,6
2021-06-12,41.3,6
2021-06-13,41.57,6
2021-06-14,40.61000000000001,6
2021-06-15,36.32,6
2021-06-16,34.559999999999995,6
2021-06-17,36.19,6
2021-06-18,30.72,6
2021-06-19,34.87,6
2021-06-20,33.95,6
2021-06-21,30.53,6
2021-06-22,28.38,6
2021-06-23,26.0,6
2021-06-24,28.59,6
2021-06-25,28.4,6
2021-06-26,25.3,6
2021-06-27,21.96,6
2021-06-28,24.2,6
2021-06-29,24.68,6
2021-06-30,20.4,6
2021-06-01,48.01,7
2021-06-02,46.87,7
2021-06-03,42.14,7
2021-06-04,44.010000000000005,7
2021-06-05,38.71,7
2021-06-06,37.00000000000001,7
2021-06-07,39.620000000000005,7
2021-06-08,41.6,7
2021-06-09,38.12,7
2021-06-10,34.48,7
2021-06-11,36.86,7
2021-06-12,35.65,7
2021-06-13,31.67,7
2021-06-14,28.54,7
2021-06-15,27.19,7
2021-06-16,32.8,7
2021-06-17,28.72,7
2021-06-18,25.12,7
2021-06-19,28.55,7
2021-06-20,26.48,7
2021-06-21,24.28,7
2021-06-22,23.61,7
2021-06-23,20.89,7
2021-06-24,23.35,7
2021-06-25,19.42,7
2021-06-26,22.16,7
2021-06-27,23.390000000000004,7
2021-06-28,20.13,7
2021-06-29,19.69,7
2021-06-30,16.28,7
2021-06-01,55.84,8
2021-06-02,49.68,8
2021-06-03,45.81,8
2021-06-04,43.29,8
2021-06-05,39.62,8
2021-06-06,41.2,8
2021-06-07,42.17,8
2021-06-08,39.41,8
2021-06-09,35.41,8
2021-06-10,31.759999999999994,8
2021-06-11,31.47,8
2021-06-12,31.8,8
2021-06-13,25.62,8
2021-06-14,21.87,8
2021-06-15,21.72,8
2021-06-16,17.43,8
2021-06-17,20.38,8
2021-06-18,16.75,8
2021-06-19,18.290000000000003,8
2021-06-20,16.16,8
2021-06-21,14.85,8
2021-06-22,11.04,8
2021-06-23,8.809999999999999,8
2021-06-24,9.93,8
2021-06-25,9.12,8
2021-06-26,4.15,8
2021-06-27,5.72,8
2021-06-28,0.1700000000000003,8
2021-06-29,0.69,8
2021-06-30,-3.06,8
2021-06-01,51.870000000000005,9
2021-06-02,48.260000000000005,9
2021-06-03,49.96,9
2021-06-04,50.13,9
2021-06-05,47.620000000000005,9
2021-06-06,43.71,9
2021-06-07,43.15,9
2021-06-08,46.47,9
2021-06-09,44.16,9
2021-06-10,38.53,9
2021-06-11,42.35,9
2021-06-12,41.65,9
2021-06-13,36.75,9
2021-06-14,39.79,9
2021-06-15,36.72,9
2021-06-16,32.61,9
2021-06-17,32.46999999999999,9
2021-06-18,34.93,9
2021-06-19,30.72,9
2021-06-20,31.84,9
2021-06-21,28.97,9
2021-06-22,31.98,9
2021-06-23,28.57,9
2021-06-24,29.27,9
2021-06-25,28.540000000000003,9
2021-06-26,27.66,9
2021-06-27,24.3,9
2021-06-28,25.3,9
2021-06-29,22.38,9
2021-06-30,22.39,9
2021-06-01,46.62,10
2021-06-02,43.09,10
2021-06-03,44.43,10
2021-06-04,40.87,10
2021-06-05,44.08,10
2021-06-06,37.85,10
2021-06-07,40.08,10
2021-06-08,36.01,10
2021-06-09,37.21,10
2021-06-10,35.7,10
2021-06-11,37.66,10
2021-06-12,31.97,10
2021-06-13,33.93,10
2021-06-14,30.1,10
2021-06-15,27.55,10
2021-06-16,28.96,10
2021-06-17,29.26,10
2021-06-18,26.96,10
2021-06-19,28.1,10
2021-06-20,26.0,10
2021-06-21,22.21,10
2021-06-22,23.77,10
2021-06-23,21.99,10
2021-06-24,24.37,10
2021-06-25,22.880000000000003,10
2021-06-26,16.96,10
2021-06-27,21.47,10
2021-06-28,20.0,10
2021-06-29,18.05,10
2021-06-30,16.930000000000003,10
2021-06-01,51.65,11
2021-06-02,51.78,11
2021-06-03,48.23,11
2021-06-04,43.81999999999999,11
2021-06-05,43.84,11
2021-06-06,44.510000000000005,11
2021-06-07,40.61,11
2021-06-08,41.85,11
2021-06-09,36.1,11
2021-06-10,30.21,11
2021-06-11,28.23,11
2021-06-12,30.14,11
2021-06-13,26.23,11
2021-06-14,27.28,11
2021-06-15,19.360000000000003,11
2021-06-16,18.82,11
2021-06-17,21.56,11
2021-06-18,19.05,11
2021-06-19,19.49,11
2021-06-20,16.21,11
2021-06-21,9.86,11
2021-06-22,11.56,11
2021-06-23,11.04,11
2021-06-24,4.390000000000001,11
2021-06-25,7.0200000000000005,11
2021-06-26,2.53,11
2021-06-27,2.35,11
2021-06-28,3.77,11
2021-06-29,4.52,11
2021-06-30,0.2299999999999999,11
2021-06-01,52.06,12
2021-06-02,52.82,12
2021-06-03,48.51,12
2021-06-04,47.82,12
2021-06-05,48.29,12
2021-06-06,47.98,12
2021-06-07,46.73,12
2021-06-08,42.81,12
2021-06-09,41.65,12
2021-06-10,40.73,12
2021-06-11,38.41,12
2021-06-12,39.49,12
2021-06-13,39.71,12
2021-06-14,38.44,12
2021-06-15,34.78,12
2021-06-16,37.17999999999999,12
2021-06-17,34.709999999999994,12
2021-06-18,36.23,12
2021-06-19,34.7,12
2021-06-20,33.59,12
2021-06-21,32.82,12
2021-06-22,29.35,12
2021-06-23,27.96,12
2021-06-24,26.67,12
2021-06-25,25.13,12
2021-06-26,22.78,12
2021-06-27,24.73,12
2021-06-28,20.95,12
2021-06-29,21.25,12
2021-06-30,21.54,12
2021-06-01,45.09,13
2021-06-02,44.85,13
2021-06-03,44.78,13
2021-06-04,40.24,13
2021-06-05,39.37,13
2021-06-06,41.900000000000006,13
2021-06-07,36.4,13
2021-06-08,35.760000000000005,13
2021-06-09,37.8,13
2021-06-10,36.61,13
2021-06-11,36.57,13
2021-06-12,33.18,13
2021-06-13,33.53,13
2021-06-14,33.76,13
2021-06-15,31.56,13
2021-06-16,33.31,13
2021-06-17,26.56,13
2021-06-18,29.04,13
2021-06-19,30.23,13
2021-06-20,27.66,13
2021-06-21,24.47,13
2021-06-22,21.35,13
2021-06-23,24.610000000000003,13
2021-06-24,19.68,13
2021-06-25,19.75,13
2021-06-26,21.450000000000003,13
2021-06-27,18.23,13
2021-06-28,20.04,13
2021-06-29,17.25,13
2021-06-30,16.630000000000003,13
2021-06-01,51.16,14
2021-06-02,48.23,14
2021-06-03,44.51,14
2021-06-04,46.15,14
2021-06-05,41.74,14
2021-06-06,42.03,14
2021-06-07,41.13,14
2021-06-08,38.74,14
2021-06-09,33.5,14
2021-06-10,32.25,14
2021-06-11,29.48,14
2021-06-12,31.86,14
2021-06-13,28.99,14
2021-06-14,21.89,14
2021-06-15,22.73,14
2021-06-16,17.450000000000003,14
2021-06-17,21.04,14
2021-06-18,19.65,14
2021-06-19,15.990000000000002,14
2021-06-20,14.71,14
2021-06-21,13.25,14
2021-06-22,10.64,14
2021-06-23,8.620000000000001,14
2021-06-24,5.74,14
2021-06-25,7.82,14
2021-06-26,3.86,14
2021-06-27,2.56,14
2021-06-28,3.14,14
2021-06-29,1.2799999999999998,14
2021-06-30,-1.2700000000000002,14
2021-06-01,47.25,15
2021-06-02,52.91,15
2021-06-03,50.03999999999999,15
2021-06-04,44.44,15
2021-06-05,47.7,15
2021-06-06,45.05,15
2021-06-07,45.19,15
2021-06-08,41.81,15
2021-06-09,41.18,15
2021-06-10,43.68,15
2021-06-11,38.77,15
2021-06-12,42.6,15
2021-06-13,36.81,15
2021-06-14,41.53,15
2021-06-15,39.22,15
2021-06-16,34.49,15
2021-06-17,34.099999999999994,15
2021-06-18,32.959999999999994,15
2021-06-19,32.510000000000005,15
2021-06-20,34.8,15
2021-06-21,30.84,15
2021-06-22,29.03,15
2021-06-23,31.44,15
2021-06-24,29.87,15
2021-06-25,26.96,15
2021-06-26,27.43,15
2021-06-27,23.85,15
2021-06-28,21.3,15
2021-06-29,21.86,15
2021-06-30,21.6,15
2021-06-01,44.84,16
2021-06-02,46.400000000000006,16
2021-06-03,42.92,16
2021-06-04,43.44,16
2021-06-05,44.73,16
2021-06-06,40.93,16
2021-06-07,41.11,16
2021-06-08,40.46,16
2021-06-09,39.3,16
2021-06-10,34.95,16
2021-06-11,33.48,16
2021-06-12,33.2,16
2021-06-13,33.84,16
2021-06-14,29.5,16
2021-06-15,28.73,16
2021-06-16,28.84,16
2021-06-17,28.12,16
2021-06-18,28.12,16
2021-06-19,28.51,16
2021-06-20,23.24,16
2021-06-21,23.3,16
2021-06-22,23.930000000000003,16
2021-06-23,21.82,16
2021-06-24,22.92,16
2021-06-25,20.1,16
2021-06-26,20.0,16
2021-06-27,19.83,16
2021-06-28,17.04,16
2021-06-29,18.13,16
2021-06-30,19.97,16
2021-06-01,53.830000000000005,17
2021-06-02,53.39000000000001,17
2021-06-03,50.080000000000005,17
2021-06-04,48.55,17
2021-06-05,44.93,17
2021-06-06,44.55,17
2021-06-07,41.85,17
2021-06-08,37.89,17
2021-06-09,36.92,17
2021-06-10,30.93,17
2021-06-11,31.11,17
2021-06-12,31.92,17
2021-06-13,27.35,17
2021-06-14,23.6,17
2021-06-15,23.97,17
2021-06-16,17.759999999999998,17
2021-06-17,21.35,17
2021-06-18,15.05,17
2021-06-19,17.66,17
2021-06-20,13.27,17
2021-06-21,15.72,17
2021-06-22,10.579999999999998,17
2021-06-23,7.85,17
2021-06-24,8.010000000000002,17
2021-06-25,7.109999999999999,17
2021-06-26,4.67,17
2021-06-27,4.73,17
2021-06-28,4.5600000000000005,17
2021-06-29,-1.03,17
2021-06-30,0.19,17
2021-06-01,52.77,18
2021-06-02,52.45,18
2021-06-03,51.75,18
2021-06-04,51.2,18
2021-06-05,44.01,18
2021-06-06,45.06,18
2021-06-07,43.18,18
2021-06-08,43.41,18
2021-06-09,38.68,18
2021-06-10,42.41,18
2021-06-11,41.2,18
2021-06-12,41.69,18
2021-06-13,41.08,18
2021-06-14,39.63,18
2021-06-15,35.5,18
2021-06-16,35.47,18
2021-06-17,34.24999999999999,18
2021-06-18,31.29,18
2021-06-19,33.540000000000006,18
2021-06-20,30.87,18
2021-06-21,29.77,18
2021-06-22,31.44,18
2021-06-23,30.47,18
2021-06-24,24.53,18
2021-06-25,25.36,18
2021-06-26,26.94,18
2021-06-27,25.35,18
2021-06-28,23.45,18
2021-06-29,26.72,18
2021-06-30,24.45,18
2021-06-01,45.53,19
2021-06-02,45.27,19
2021-06-03,45.60999999999999,19
2021-06-04,44.52,19
2021-06-05,41.17,19
2021-06-06,38.43,19
2021-06-07,35.18,19
2021-06-08,41.04,19
2021-06-09,35.9,19
2021-06-10,37.95,19
2021-06-11,32.11,19
2021-06-12,31.14,19
2021-06-13,33.89,19
2021-06-14,29.92,19
2021-06-15,27.33,19
2021-06-16,32.39,19
2021-06-17,28.17,19
2021-06-18,26.41,19
2021-06-19,30.16,19
2021-06-20,27.85,19
2021-06-21,25.95,19
2021-06-22,25.980000000000004,19
2021-06-23,21.36,19
2021-06-24,22.83,19
2021-06-25,19.22,19
2021-06-26,17.37,19
2021-06-27,20.250000000000004,19
2021-06-28,21.36,19
2021-06-29,19.7,19
2021-06-30,14.71,19
2021-06-01,53.47,20
2021-06-02,46.790000000000006,20
2021-06-03,45.51,20
2021-06-04,44.66,20
2021-06-05,40.43,20
2021-06-06,42.2,20
2021-06-07,40.5,20
2021-06-08,35.559999999999995,20
2021-06-09,37.38999999999999,20
2021-06-10,32.5,20
2021-06-11,31.72,20
2021-06-12,28.0,20
2021-06-13,25.59,20
2021-06-14,21.65,20
2021-06-15,20.76,20
2021-06-16,21.4,20
2021-06-17,18.22,20
2021-06-18,18.4,20
2021-06-19,18.950000000000003,20
2021-06-20,14.64,20
2021-06-21,11.14,20
2021-06-22,9.06,20
2021-06-23,7.459999999999999,20
2021-06-24,10.1,20
2021-06-25,8.96,20
2021-06-26,5.29,20
2021-06-27,2.4000000000000004,20
2021-06-28,3.12,20
2021-06-29,1.63,20
2021-06-30,-0.75,20
2021-06-01,53.00000000000001,21
2021-06-02,49.1,21
2021-06-03,47.69,21
2021-06-04,43.92,21
2021-06-05,49.34,21
2021-06-06,43.27,21
2021-06-07,45.56,21
2021-06-08,48.24,21
2021-06-09,41.14,21
2021-06-10,44.0,21
2021-06-11,42.53,21
2021-06-12,42.95,21
2021-06-13,39.94,21
2021-06-14,41.330000000000005,21
2021-06-15,39.87,21
2021-06-16,36.94,21
2021-06-17,35.459999999999994,21
2021-06-18,33.85,21
2021-06-19,33.77,21
2021-06-20,32.06,21
2021-06-21,30.87,21
2021-06-22,32.84,21
2021-06-23,25.89,21
2021-06-24,25.51,21
2021-06-25,27.96,21
2021-06-26,25.91,21
2021-06-27,25.18,21
2021-06-28,23.3,21
2021-06-29,22.74,21
2021-06-30,24.61,21
2021-06-01,47.63,22
2021-06-02,44.17,22
2021-06-03,41.74999999999999,22
2021-06-04,43.47,22
2021-06-05,45.14,22
2021-06-06,40.6,22
2021-06-07,38.7,22
2021-06-08,37.16,22
2021-06-09,35.08,22
2021-06-10,33.36,22
2021-06-11,38.69,22
2021-06-12,32.08,22
2021-06-13,34.07,22
2021-06-14,29.77,22
2021-06-15,28.980000000000004,22
2021-06-16,30.57,22
2021-06-17,28.13,22
2021-06-18,26.62,22
2021-06-19,24.53,22
2021-06-20,22.67,22
2021-06-21,23.44,22
2021-06-22,24.74,22
2021-06-23,25.33,22
2021-06-24,24.98,22
2021-06-25,20.61,22
2021-06-26,17.409999999999997,22
2021-06-27,19.6,22
2021-06-28,18.44,22
2021-06-29,21.71,22
2021-06-30,17.76,22
2021-06-01,51.79,23
2021-06-02,49.66,23
2021-06-03,49.09,23
2021-06-04,43.35,23
2021-06-05,42.19,23
2021-06-06,44.07,23
2021-06-07,38.14,23
2021-06-08,37.61,23
2021-06-09,35.51,23
2021-06-10,29.91,23
2021-06-11,28.91,23
2021-06-12,30.66,23
2021-06-13,25.16,23
2021-06-14,23.56,23
2021-06-15,23.98,23
2021-06-16,22.68,23
2021-06-17,17.76,23
2021-06-18,16.029999999999998,23
2021-06-19,14.150000000000002,23
2021-06-20,15.93,23
2021-06-21,13.57,23
2021-06-22,12.22,23
2021-06-23,11.73,23
2021-06-24,5.2,23
2021-06-25,6.13,23
2021-06-26,2.07,23
2021-06-27,6.2,23
2021-06-28,1.7200000000000004,23
2021-06-29,1.38,23
2021-06-30,-1.3,23
2021-06-01,49.84,24
2021-06-02,47.24,24
2021-06-03,52.63,24
2021-06-04,45.0,24
2021-06-05,47.49,24
2021-06-06,48.00000000000001,24
2021-06-07,45.010000000000005,24
2021-06-08,45.8,24
2021-06-09,43.81999999999999,24
2021-06-10,41.24,24
2021-06-11,42.28,24
2021-06-12,39.67999999999999,24
2021-06-13,40.73,24
2021-06-14,42.04,24
2021-06-15,34.78,24
2021-06-16,36.75,24
2021-06-17,31.559999999999995,24
2021-06-18,33.900000000000006,24
2021-06-19,32.99,24
2021-06-20,30.19,24
2021-06-21,28.22,24
2021-06-22,30.67,24
2021-06-23,26.1,24
2021-06-24,28.06,24
2021-06-25,27.83,24
2021-06-26,25.98,24
2021-06-27,23.17,24
2021-06-28,25.06,24
2021-06-29,25.17,24
2021-06-30,24.39,24
2021-06-01,46.93,25
2021-06-02,46.8,25
2021-06-03,45.98,25
2021-06-04,39.2,25
2021-06-05,43.77,25
2021-06-06,40.92,25
2021-06-07,41.4,25
2021-06-08,35.44,25
2021-06-09,37.52,25
2021-06-10,36.88,25
2021-06-11,37.61,25
2021-06-12,31.64,25
2021-06-13,34.599999999999994,25
2021-06-14,35.26,25
2021-06-15,31.03,25
2021-06-16,27.82,25
2021-06-17,27.64,25
2021-06-18,25.27,25
2021-06-19,25.090000000000003,25
2021-06-20,23.07,25
2021-06-21,25.93,25
2021-06-22,25.270000000000003,25
2021-06-23,20.660000000000004,25
2021-06-24,20.85,25
2021-06-25,23.28,25
2021-06-26,19.79,25
2021-06-27,17.35,25
2021-06-28,22.38,25
2021-06-29,19.7,25
2021-06-30,19.180000000000003,25
2021-06-01,50.34,26
2021-06-02,50.46000000000001,26
2021-06-03,48.3,26
2021-06-04,44.48,26
2021-06-05,44.61,26
2021-06-06,43.52,26
2021-06-07,38.41,26
2021-06-08,38.63,26
2021-06-09,33.58,26
2021-06-10,33.62,26
2021-06-11,31.75,26
2021-06-12,30.96,26
2021-06-13,27.58,26
2021-06-14,27.45,26
2021-06-15,23.4,26
2021-06-16,22.28,26
2021-06-17,20.23,26
2021-06-18,18.21,26
2021-06-19,17.990000000000002,26
2021-06-20,11.28,26
2021-06-21,10.750000000000002,26
2021-06-22,10.44,26
2021-06-23,12.88,26
2021-06-24,6.5,26
2021-06-25,5.16,26
2021-06-26,5.55,26
2021-06-27,1.7400000000000002,26
2021-06-28,4.83,26
2021-06-29,1.5099999999999998,26
2021-06-30,-1.6199999999999997,26
2021-06-01,49.34,27
2021-06-02,50.24,27
2021-06-03,47.7,27
2021-06-04,48.830000000000005,27
2021-06-05,46.35,27
2021-06-06,46.33,27
2021-06-07,44.45,27
2021-06-08,45.97,27
2021-06-09,41.18,27
2021-06-10,41.580000000000005,27
2021-06-11,41.16,27
2021-06-12,42.23,27
2021-06-13,37.52,27
2021-06-14,36.940000000000005,27
2021-06-15,33.71,27
2021-06-16,36.67,27
2021-06-17,32.97,27
2021-06-18,34.34,27
2021-06-19,30.230000000000004,27
2021-06-20,33.39,27
2021-06-21,31.6,27
2021-06-22,32.67,27
2021-06-23,30.22,27
2021-06-24,28.29,27
2021-06-25,28.91,27
2021-06-26,28.880000000000003,27
2021-06-27,23.67,27
2021-06-28,22.79,27
2021-06-29,22.01,27
2021-06-30,22.99,27
2021-06-01,44.54,28
2021-06-02,46.61,28
2021-06-03,46.12,28
2021-06-04,44.21,28
2021-06-05,41.87,28
2021-06-06,40.9,28
2021-06-07,39.43,28
2021-06-08,35.54,28
2021-06-09,37.72,28
2021-06-10,38.0,28
2021-06-11,36.62,28
2021-06-12,32.41,28
2021-06-13,32.2,28
2021-06-14,32.489999999999995,28
2021-06-15,27.96,28
2021-06-16,26.58,28
2021-06-17,26.71,28
2021-06-18,30.02,28
2021-06-19,25.28,28
2021-06-20,26.07,28
2021-06-21,23.48,28
2021-06-22,24.93,28
2021-06-23,25.58,28
2021-06-24,25.47,28
2021-06-25,23.33,28
2021-06-26,20.2,28
2021-06-27,21.01,28
2021-06-28,22.36,28
2021-06-29,21.43,28
2021-06-30,18.35,28
2021-06-01,52.1,29
2021-06-02,52.07000000000001,29
2021-06-03,46.35,29
2021-06-04,44.8,29
2021-06-05,46.29,29
2021-06-06,40.98,29
2021-06-07,38.94,29
2021-06-08,37.92,29
2021-06-09,38.35,29
2021-06-10,32.64,29
2021-06-11,31.56,29
2021-06-12,30.11,29
2021-06-13,26.85,29
2021-06-14,26.17,29
2021-06-15,21.97,29
2021-06-16,18.700000000000003,29
2021-06-17,18.39,29
2021-06-18,14.99,29
2021-06-19,13.950000000000005,29
2021-06-20,15.510000000000002,29
2021-06-21,16.19,29
2021-06-22,7.949999999999999,29
2021-06-23,8.59,29
2021-06-24,9.1,29
2021-06-25,7.17,29
2021-06-26,4.02,29
2021-06-27,5.97,29
2021-06-28,1.45,29
2021-06-29,-0.7,29
2021-06-30,2.08,29
2021-06-01,53.11000000000001,30
2021-06-02,52.720000000000006,30
2021-06-03,46.4,30
2021-06-04,45.15,30
2021-06-05,48.94,30
2021-06-06,44.11,30
2021-06-07,41.77,30
2021-06-08,43.92,30
2021-06-09,41.25,30
2021-06-10,43.34,30
2021-06-11,40.7,30
2021-06-12,38.51,30
2021-06-13,39.96,30
2021-06-14,39.16,30
2021-06-15,33.18,30
2021-06-16,36.63,30
2021-06-17,36.4,30
2021-06-18,31.85,30
2021-06-19,31.23,30
2021-06-20,33.94,30
2021-06-21,32.169999999999995,30
2021-06-22,33.59,30
2021-06-23,26.53,30
2021-06-24,28.57,30
2021-06-25,28.06,30
2021-06-26,23.49,30
2021-06-27,23.11,30
2021-06-28,23.09,30
2021-06-29,24.08,30
2021-06-30,19.07,30
2021-06-01,47.44,31
2021-06-02,47.52,31
2021-06-03,45.72,31
2021-06-04,41.74,31
2021-06-05,40.05,31
2021-06-06,41.510000000000005,31
2021-06-07,37.92,31
2021-06-08,35.080000000000005,31
2021-06-09,39.04,31
2021-06-10,39.03,31
2021-06-11,38.06999999999999,31
2021-06-12,35.68,31
2021-06-13,29.98,31
2021-06-14,31.29,31
2021-06-15,29.53,31
2021-06-16,30.52,31
2021-06-17,29.02,31
2021-06-18,26.5,31
2021-06-19,26.91,31
2021-06-20,27.03,31
2021-06-21,22.65,31
2021-06-22,24.23,31
2021-06-23,22.33,31
2021-06-24,23.49,31
2021-06-25,18.950000000000003,31
2021-06-26,23.61,31
2021-06-27,21.91,31
2021-06-28,17.24,31
2021-06-29,17.749999999999996,31
2021-06-30,15.04,31
2021-06-01,51.14000000000001,32
2021-06-02,50.82000000000001,32
2021-06-03,47.67,32
2021-06-04,45.12,32
2021-06-05,41.11,32
2021-06-06,46.42,32
2021-06-07,41.45,32
2021-06-08,36.75,32
2021-06-09,34.58,32
2021-06-10,35.98,32
2021-06-11,30.74,32
2021-06-12,32.32,32
2021-06-13,28.16,32
2021-06-14,22.83,32
2021-06-15,20.53,32
2021-06-16,22.29,32
2021-06-17,17.43,32
2021-06-18,15.23,32
2021-06-19,17.96,32
2021-06-20,13.15,32
2021-06-21,15.19,32
2021-06-22,8.95,32
2021-06-23,10.79,32
2021-06-24,6.82,32
2021-06-25,7.529999999999999,32
2021-06-26,5.2,32
2021-06-27,5.44,32
2021-06-28,0.3800000000000003,32
2021-06-29,3.74,32
2021-06-30,0.7699999999999999,32
2021-06-01,48.35,33
2021-06-02,49.06,33
2021-06-03,50.39,33
2021-06-04,44.98,33
2021-06-05,44.55,33
2021-06-06,44.67,33
2021-06-07,45.74,33
2021-06-08,46.17,33
2021-06-09,44.93,33
2021-06-10,37.82,33
2021-06-11,38.38,33
2021-06-12,43.99999999999999,33
2021-06-13,40.73,33
2021-06-14,37.78,33
2021-06-15,38.84,33
2021-06-16,39.48,33
2021-06-17,34.93,33
2021-06-18,35.29,33
2021-06-19,34.34,33
2021-06-20,34.07,33
2021-06-21,32.79,33
2021-06-22,27.57,33
2021-06-23,25.58,33
2021-06-24,23.66,33
2021-06-25,26.63,33
2021-06-26,27.76,33
2021-06-27,26.17,33
2021-06-28,23.82,33
2021-06-29,24.69,33
2021-06-30,20.85,33
2021-06-01,44.53,34
2021-06-02,44.17,34
2021-06-03,41.74,34
2021-06-04,41.36,34
2021-06-05,42.31,34
2021-06-06,40.7,34
2021-06-07,38.75,34
2021-06-08,37.85,34
2021-06-09,39.9,34
2021-06-10,36.29,34
2021-06-11,36.02,34
2021-06-12,36.52,34
2021-06-13,30.83,34
2021-06-14,30.16,34
2021-06-15,26.71,34
2021-06-16,31.88,34
2021-06-17,28.87,34
2021-06-18,26.28,34
2021-06-19,24.6,34
2021-06-20,28.68,34
2021-06-21,21.4,34
2021-06-22,22.430000000000003,34
2021-06-23,24.35,34
2021-06-24,22.53,34
2021-06-25,19.790000000000003,34
2021-06-26,17.3,34
2021-06-27,17.97,34
2021-06-28,22.69,34
2021-06-29,15.729999999999997,34
2021-06-30,16.169999999999998,34
2021-06-01,56.18000000000001,35
2021-06-02,51.21,35
2021-06-03,47.01,35
2021-06-04,47.45,35
2021-06-05,44.84,35
2021-06-06,43.91,35
2021-06-07,40.96,35
2021-06-08,41.12,35
2021-06-09,37.28,35
2021-06-10,34.48,35
2021-06-11,28.98,35
2021-06-12,29.12,35
2021-06-13,27.18,35
2021-06-14,26.44,35
2021-06-15,19.23,35
2021-06-16,19.18,35
2021-06-17,16.630000000000003,35
2021-06-18,15.86,35
2021-06-19,12.260000000000002,35
2021-06-20,17.02,35
2021-06-21,13.77,35
2021-06-22,13.52,35
2021-06-23,11.84,35
2021-06-24,5.6000000000000005,35
2021-06-25,7.32,35
2021-06-26,7.05,35
2021-06-27,2.7299999999999995,35
2021-06-28,1.14,35
2021-06-29,3.38,35
2021-06-30,0.2,35
2021-06-01,48.440000000000005,36
2021-06-02,50.1,36
2021-06-03,48.62,36
2021-06-04,45.5,36
2021-06-05,47.82,36
2021-06-06,48.36,36
2021-06-07,42.870000000000005,36
2021-06-08,47.42,36
2021-06-09,42.04,36
2021-06-10,41.33,36
2021-06-11,41.52,36
2021-06-12,39.66,36
2021-06-13,40.13999999999999,36
2021-06-14,41.11,36
2021-06-15,36.72,36
2021-06-16,35.529999999999994,36
2021-06-17,34.27,36
2021-06-18,37.18,36
2021-06-19,34.12,36
2021-06-20,30.36,36
2021-06-21,26.82,36
2021-06-22,30.98,36
2021-06-23,25.02,36
2021-06-24,26.62,36
2021-06-25,29.84,36
2021-06-26,29.3,36
2021-06-27,27.19,36
2021-06-28,22.86,36
2021-06-29,25.2,36
2021-06-30,25.04,36
2021-06-01,48.03,37
2021-06-02,46.85,37
2021-06-03,41.7,37
2021-06-04,40.79,37
2021-06-05,45.05,37
2021-06-06,37.93000000000001,37
2021-06-07,40.77,37
2021-06-08,38.830000000000005,37
2021-06-09,38.42,37
2021-06-10,38.27,37
2021-06-11,34.32,37
2021-06-12,33.77,37
2021-06-13,30.27,37
2021-06-14,30.21,37
2021-06-15,31.160000000000004,37
2021-06-16,33.08,37
2021-06-17,28.75,37
2021-06-18,28.06,37
2021-06-19,29.63,37
2021-06-20,28.2,37
2021-06-21,26.4,37
2021-06-22,21.860000000000003,37
2021-06-23,24.3,37
2021-06-24,24.5,37
2021-06-25,23.24,37
2021-06-26,22.23,37
2021-06-27,19.020000000000003,37
2021-06-28,21.68,37
2021-06-29,17.67,37
2021-06-30,21.12,37
2021-06-01,54.51,38
2021-06-02,51.65,38
2021-06-03,48.61000000000001,38
2021-06-04,43.51,38
2021-06-05,40.39,38
2021-06-06,39.760000000000005,38
2021-06-07,43.57000000000001,38
2021-06-08,37.61,38
2021-06-09,37.79,38
2021-06-10,35.88,38
2021-06-11,29.25,38
2021-06-12,31.86,38
2021-06-13,25.88,38
2021-06-14,24.07,38
2021-06-15,19.83,38
2021-06-16,22.76,38
2021-06-17,15.54,38
2021-06-18,17.86,38
2021-06-19,16.180000000000003,38
2021-06-20,14.16,38
2021-06-21,11.650000000000002,38
2021-06-22,12.07,38
2021-06-23,8.28,38
2021-06-24,5.1,38
2021-06-25,5.97,38
2021-06-26,7.549999999999999,38
2021-06-27,1.1999999999999995,38
2021-06-28,2.2,38
2021-06-29,4.42,38
2021-06-30,-1.38,38
2021-06-01,48.150000000000006,39
2021-06-02,48.11000000000001,39
2021-06-03,48.3,39
2021-06-04,45.96,39
2021-06-05,48.8,39
2021-06-06,45.36,39
2021-06-07,45.79,39
2021-06-08,45.6,39
2021-06-09,45.91,39
2021-06-10,41.3,39
2021-06-11,40.63,39
2021-06-12,40.31999999999999,39
2021-06-13,40.27,39
2021-06-14,38.45,39
2021-06-15,37.620000000000005,39
2021-06-16,36.86,39
2021-06-17,34.35,39
2021-06-18,34.33,39
2021-06-19,34.730000000000004,39
2021-06-20,28.96,39
2021-06-21,27.93,39
2021-06-22,27.85,39
2021-06-23,30.59,39
2021-06-24,26.81,39
2021-06-25,30.48,39
2021-06-26,25.97,39
2021-06-27,24.71,39
2021-06-28,20.81,39
2021-06-29,22.44,39
2021-06-30,18.28,39
2021-06-01,45.86,40
2021-06-02,43.38,40
2021-06-03,43.5,40
2021-06-04,42.07,40
2021-06-05,44.41,40
2021-06-06,42.440000000000005,40
2021-06-07,38.28,40
2021-06-08,38.82000000000001,40
2021-06-09,38.95,40
2021-06-10,36.4,40
2021-06-11,32.63,40
2021-06-12,34.15,40
2021-06-13,33.98,40
2021-06-14,31.24,40
2021-06-15,27.500000000000004,40
2021-06-16,30.6,40
2021-06-17,28.36,40
2021-06-18,28.16,40
2021-06-19,25.18,40
2021-06-20,23.87,40
2021-06-21,27.79,40
2021-06-22,25.3,40
2021-06-23,26.73,40
2021-06-24,20.27,40
2021-06-25,22.24,40
2021-06-26,22.440000000000005,40
2021-06-27,18.9,40
2021-06-28,21.23,40
2021-06-29,21.07,40
2021-06-30,18.21,40
2021-06-01,53.150000000000006,41
2021-06-02,48.55,41
2021-06-03,51.11,41
2021-06-04,46.83,41
2021-06-05,45.88,41
2021-06-06,43.72,41
2021-06-07,37.58,41
2021-06-08,37.45,41
2021-06-09,33.54,41
2021-06-10,30.62,41
2021-06-11,31.75,41
2021-06-12,28.73,41
2021-06-13,25.98,41
2021-06-14,22.08,41
2021-06-15,24.96,41
2021-06-16,20.27,41
2021-06-17,16.669999999999998,41
2021-06-18,16.419999999999998,41
2021-06-19,15.7,41
2021-06-20,17.44,41
2021-06-21,13.910000000000002,41
2021-06-22,14.91,41
2021-06-23,7.71,41
2021-06-24,6.970000000000001,41
2021-06-25,9.37,41
2021-06-26,6.18,41
2021-06-27,0.27,41
2021-06-28,4.5600000000000005,41
2021-06-29,-1.79,41
2021-06-30,-0.56,41
2021-06-01,50.010000000000005,42
2021-06-02,48.080000000000005,42
2021-06-03,47.56999999999999,42
2021-06-04,47.15,42
2021-06-05,45.78,42
2021-06-06,45.62,42
2021-06-07,44.24,42
2021-06-08,44.52,42
2021-06-09,43.17,42
2021-06-10,41.65,42
2021-06-11,41.86,42
2021-06-12,39.45,42
2021-06-13,42.21,42
2021-06-14,36.31,42
2021-06-15,38.95,42
2021-06-16,38.13,42
2021-06-17,37.96999999999999,42
2021-06-18,35.349999999999994,42
2021-06-19,33.83,42
2021-06-20,31.17,42
2021-06-21,29.39,42
2021-06-22,28.03,42
2021-06-23,26.15,42
2021-06-24,25.12,42
2021-06-25,24.950000000000003,42
2021-06-26,23.200000000000003,42
2021-06-27,27.48,42
2021-06-28,26.32,42
2021-06-29,21.58,42
2021-06-30,24.86,42
2021-06-01,43.74,43
2021-06-02,42.77,43
2021-06-03,42.53,43
2021-06-04,42.57,43
2021-06-05,40.51,43
2021-06-06,39.23,43
2021-06-07,35.76,43
2021-06-08,39.14,43
2021-06-09,36.63,43
2021-06-10,39.07999999999999,43
2021-06-11,36.5,43
2021-06-12,32.34,43
2021-06-13,30.809999999999995,43
2021-06-14,33.26,43
2021-06-15,27.540000000000003,43
2021-06-16,30.77,43
2021-06-17,25.78,43
2021-06-18,29.27,43
2021-06-19,27.55,43
2021-06-20,25.5,43
2021-06-21,26.74,43
2021-06-22,21.53,43
2021-06-23,21.36,43
2021-06-24,25.58,43
2021-06-25,22.6,43
2021-06-26,20.24,43
2021-06-27,23.0,43
2021-06-28,21.38,43
2021-06-29,18.34,43
2021-06-30,18.26,43
2021-06-01,53.32,44
2021-06-02,49.3,44
2021-06-03,47.54,44
2021-06-04,43.99,44
2021-06-05,40.36,44
2021-06-06,44.11,44
2021-06-07,38.77,44
2021-06-08,37.54,44
2021-06-09,35.29,44
2021-06-10,33.2,44
2021-06-11,33.059999999999995,44
2021-06-12,30.31,44
2021-06-13,27.13,44
2021-06-14,26.68,44
2021-06-15,24.25,44
2021-06-16,17.1,44
2021-06-17,16.62,44
2021-06-18,20.38,44
2021-06-19,14.670000000000002,44
2021-06-20,14.21,44
2021-06-21,13.72,44
2021-06-22,8.77,44
2021-06-23,7.530000000000001,44
2021-06-24,6.95,44
2021-06-25,4.930000000000001,44
2021-06-26,4.76,44
2021-06-27,3.8,44
2021-06-28,1.6,44
2021-06-29,1.63,44
2021-06-30,-3.41,44
2021-06-01,50.870000000000005,45
2021-06-02,50.44,45
2021-06-03,48.2,45
2021-06-04,44.75,45
2021-06-05,48.32,45
2021-06-06,46.16,45
2021-06-07,46.25,45
2021-06-08,46.12,45
2021-06-09,44.26,45
2021-06-10,41.07,45
2021-06-11,38.91,45
2021-06-12,38.38,45
2021-06-13,38.38999999999999,45
2021-06-14,35.09,45
2021-06-15,33.92,45
2021-06-16,34.52,45
2021-06-17,35.27,45
2021-06-18,34.72,45
2021-06-19,30.79,45
2021-06-20,31.69,45
2021-06-21,28.75,45
2021-06-22,29.54,45
2021-06-23,28.28,45
2021-06-24,28.97,45
2021-06-25,26.82,45
2021-06-26,24.13,45
2021-06-27,27.6,45
2021-06-28,24.21,45
2021-06-29,22.85,45
2021-06-30,22.59,45
2021-06-01,42.76,46
2021-06-02,43.35,46
2021-06-03,44.78999999999999,46
2021-06-04,41.65,46
2021-06-05,43.06,46
2021-06-06,40.42,46
2021-06-07,37.53,46
2021-06-08,37.49,46
2021-06-09,40.6,46
2021-06-10,34.26,46
2021-06-11,36.35,46
2021-06-12,31.1,46
2021-06-13,31.059999999999995,46
2021-06-14,34.3,46
2021-06-15,32.01,46
2021-06-16,29.97,46
2021-06-17,26.33,46
2021-06-18,26.02,46
2021-06-19,24.41,46
2021-06-20,26.84,46
2021-06-21,25.78,46
2021-06-22,22.24,46
2021-06-23,23.91,46
2021-06-24,22.87,46
2021-06-25,20.290000000000003,46
2021-06-26,19.73,46
2021-06-27,21.07,46
2021-06-28,20.81,46
2021-06-29,21.22,46
2021-06-30,14.830000000000002,46
2021-06-01,56.25,47
2021-06-02,48.3,47
2021-06-03,46.99,47
2021-06-04,46.09,47
2021-06-05,44.75,47
2021-06-06,42.61,47
2021-06-07,40.08,47
2021-06-08,35.21,47
2021-06-09,34.26,47
2021-06-10,36.2,47
2021-06-11,27.16,47
2021-06-12,30.96,47
2021-06-13,30.3,47
2021-06-14,26.87,47
2021-06-15,22.49,47
2021-06-16,21.67,47
2021-06-17,21.630000000000003,47
2021-06-18,18.55,47
2021-06-19,14.970000000000002,47
2021-06-20,13.2,47
2021-06-21,15.510000000000002,47
2021-06-22,12.169999999999998,47
2021-06-23,6.71,47
2021-06-24,8.530000000000001,47
2021-06-25,4.75,47
2021-06-26,6.52,47
2021-06-27,4.45,47
2021-06-28,1.2200000000000002,47
2021-06-29,0.2199999999999999,47
2021-06-30,-2.48,47
2021-06-01,53.06,48
2021-06-02,47.940000000000005,48
2021-06-03,51.76,48
2021-06-04,47.32,48
2021-06-05,46.24,48
2021-06-06,45.97,48
2021-06-07,46.92,48
2021-06-08,46.580000000000005,48
2021-06-09,43.53,48
2021-06-10,41.9,48
2021-06-11,40.85,48
2021-06-12,42.0,48
2021-06-13,39.36,48
2021-06-14,40.260000000000005,48
2021-06-15,37.87,48
2021-06-16,35.12,48
2021-06-17,36.98,48
2021-06-18,32.24,48
2021-06-19,36.0,48
2021-06-20,33.41,48
2021-06-21,28.49,48
2021-06-22,29.28,48
2021-06-23,32.31,48
2021-06-24,24.11,48
2021-06-25,26.05,48
2021-06-26,23.020000000000003,48
2021-06-27,23.96,48
2021-06-28,24.42,48
2021-06-29,25.51,48
2021-06-30,23.39,48
2021-06-01,45.42,49
2021-06-02,45.78,49
2021-06-03,45.1,49
2021-06-04,38.75,49
2021-06-05,41.31,49
2021-06-06,37.05,49
2021-06-07,41.53,49
2021-06-08,36.76,49
2021-06-09,38.19,49
2021-06-10,38.21,49
2021-06-11,38.77,49
2021-06-12,35.88999999999999,49
2021-06-13,30.61,49
2021-06-14,29.69,49
2021-06-15,30.1,49
2021-06-16,30.68,49
2021-06-17,29.0,49
2021-06-18,26.22,49
2021-06-19,25.84,49
2021-06-20,28.19,49
2021-06-21,23.83,49
2021-06-22,26.860000000000003,49
2021-06-23,21.380000000000003,49
2021-06-24,21.0,49
2021-06-25,24.380000000000003,49
2021-06-26,20.83,49
2021-06-27,20.860000000000003,49
2021-06-28,21.53,49
2021-06-29,21.17,49
2021-06-30,14.87,49
2021-06-01,55.64,50
2021-06-02,52.55,50
2021-06-03,49.66,50
2021-06-04,45.88999999999999,50
2021-06-05,40.91,50
2021-06-06,44.06,50
2021-06-07,40.07,50
2021-06-08,38.28,50
2021-06-09,35.7,50
2021-06-10,33.160000000000004,50
2021-06-11,30.34,50
2021-06-12,31.67,50
2021-06-13,27.72,50
2021-06-14,26.52,50
2021-06-15,19.27,50
2021-06-16,19.03,50
2021-06-17,17.79,50
2021-06-18,15.71,50
2021-06-19,12.78,50
2021-06-20,14.11,50
2021-06-21,15.28,50
2021-06-22,11.39,50
2021-06-23,12.72,50
2021-06-24,5.49,50
2021-06-25,5.11,50
2021-06-26,2.94,50
2021-06-27,2.39,50
2021-06-28,1.7600000000000002,50
2021-06-29,-0.77,50
2021-06-30,1.55,50
2021-06-01,47.71000000000001,51
2021-06-02,53.21,51
2021-06-03,48.62,51
2021-06-04,50.32,51
2021-06-05,49.57,51
2021-06-06,45.18,51
2021-06-07,41.96,51
2021-06-08,46.12,51
2021-06-09,44.07,51
2021-06-10,39.85,51
2021-06-11,40.08,51
2021-06-12,39.95,51
2021-06-13,39.81,51
2021-06-14,41.77,51
2021-06-15,33.870000000000005,51
2021-06-16,36.43,51
2021-06-17,36.98,51
2021-06-18,31.38,51
2021-06-19,31.100000000000005,51
2021-06-20,30.91,51
2021-06-21,32.27,51
2021-06-22,28.81,51
2021-06-23,30.25,51
2021-06-24,26.25,51
2021-06-25,26.81,51
2021-06-26,25.22,51
2021-06-27,23.44,51
2021-06-28,22.65,51
2021-06-29,21.56,51
2021-06-30,19.47,51
2021-06-01,45.89,52
2021-06-02,42.260000000000005,52
2021-06-03,41.42,52
2021-06-04,40.440000000000005,52
2021-06-05,41.95,52
2021-06-06,40.010000000000005,52
2021-06-07,38.85,52
2021-06-08,39.15,52
2021-06-09,36.99,52
2021-06-10,34.91,52
2021-06-11,32.94,52
2021-06-12,31.79,52
2021-06-13,33.84,52
2021-06-14,29.16,52
2021-06-15,33.35,52
2021-06-16,32.99,52
2021-06-17,28.4,52
2021-06-18,26.67,52
2021-06-19,27.65,52
2021-06-20,27.68,52
2021-06-21,25.090000000000003,52
2021-06-22,23.7,52
2021-06-23,20.6,52
2021-06-24,20.55,52
2021-06-25,23.06,52
2021-06-26,16.72,52
2021-06-27,19.25,52
2021-06-28,18.63,52
2021-06-29,18.5,52
2021-06-30,18.3,52
2021-06-01,52.96,53
2021-06-02,47.56,53
2021-06-03,49.87,53
2021-06-04,43.88,53
2021-06-05,46.440000000000005,53
2021-06-06,42.21,53
2021-06-07,43.44,53
2021-06-08,40.89,53
2021-06-09,36.88,53
2021-06-10,33.489999999999995,53
2021-06-11,30.57,53
2021-06-12,27.95,53
2021-06-13,29.74,53
2021-06-14,23.98,53
2021-06-15,19.43,53
2021-06-16,21.52,53
2021-06-17,18.950000000000003,53
2021-06-18,18.68,53
2021-06-19,14.98,53
2021-06-20,15.93,53
2021-06-21,11.04,53
2021-06-22,12.529999999999998,53
2021-06-23,10.2,53
2021-06-24,10.58,53
2021-06-25,6.67,53
2021-06-26,8.14,53
2021-06-27,7.34,53
2021-06-28,0.1899999999999999,53
2021-06-29,-0.3299999999999999,53
2021-06-30,2.47,53
2021-06-01,47.07000000000001,54
2021-06-02,52.080000000000005,54
2021-06-03,46.4,54
2021-06-04,45.93,54
2021-06-05,47.59,54
2021-06-06,43.56,54
2021-06-07,47.36,54
2021-06-08,42.88,54
2021-06-09,45.6,54
2021-06-10,40.32,54
2021-06-11,38.74,54
2021-06-12,37.5,54
2021-06-13,37.62,54
2021-06-14,38.15,54
2021-06-15,37.04,54
2021-06-16,39.4,54
2021-06-17,33.55,54
2021-06-18,34.27,54
2021-06-19,34.77,54
2021-06-20,28.79,54
2021-06-21,28.93,54
2021-06-22,27.39,54
2021-06-23,28.360000000000003,54
2021-06-24,25.78,54
2021-06-25,28.54,54
2021-06-26,25.44,54
2021-06-27,25.43,54
2021-06-28,23.67,54
2021-06-29,26.55,54
2021-06-30,18.82,54
2021-06-01,43.96,55
2021-06-02,47.23,55
2021-06-03,45.42999999999999,55
2021-06-04,42.14,55
2021-06-05,43.03,55
2021-06-06,38.61,55
2021-06-07,41.37,55
2021-06-08,38.27,55
2021-06-09,40.15,55
2021-06-10,37.75999999999999,55
2021-06-11,36.84,55
2021-06-12,31.910000000000004,55
2021-06-13,34.26,55
2021-06-14,28.48,55
2021-06-15,29.540000000000003,55
2021-06-16,29.23,55
2021-06-17,23.38,55
2021-06-18,25.55,55
2021-06-19,27.910000000000004,55
2021-06-20,27.6,55
2021-06-21,23.270000000000003,55
2021-06-22,24.380000000000003,55
2021-06-23,23.89,55
2021-06-24,23.49,55
2021-06-25,21.27,55
2021-06-26,21.23,55
2021-06-27,18.4,55
2021-06-28,21.9,55
2021-06-29,16.0,55
2021-06-30,16.6,55
2021-06-01,53.14000000000001,56
2021-06-02,46.45,56
2021-06-03,45.0,56
2021-06-04,45.44,56
2021-06-05,40.2,56
2021-06-06,40.39000000000001,56
2021-06-07,42.2,56
2021-06-08,38.15,56
2021-06-09,36.34,56
2021-06-10,35.54,56
2021-06-11,32.17,56
2021-06-12,30.13,56
2021-06-13,28.9,56
2021-06-14,23.87,56
2021-06-15,21.39,56
2021-06-16,22.75,56
2021-06-17,20.040000000000003,56
2021-06-18,17.64,56
2021-06-19,17.05,56
2021-06-20,15.24,56
2021-06-21,11.74,56
2021-06-22,9.26,56
2021-06-23,11.44,56
2021-06-24,7.710000000000001,56
2021-06-25,9.48,56
2021-06-26,3.77,56
2021-06-27,7.41,56
2021-06-28,0.4399999999999999,56
2021-06-29,-0.4800000000000001,56
2021-06-30,-0.01,56
2021-06-01,49.24,57
2021-06-02,49.870000000000005,57
2021-06-03,46.94,57
2021-06-04,49.34,57
2021-06-05,45.49,57
2021-06-06,44.88,57
2021-06-07,47.84,57
2021-06-08,46.77,57
2021-06-09,41.98,57
2021-06-10,43.260000000000005,57
2021-06-11,44.24,57
2021-06-12,39.71,57
2021-06-13,37.97,57
2021-06-14,40.010000000000005,57
2021-06-15,34.11,57
2021-06-16,35.59,57
2021-06-17,37.48,57
2021-06-18,30.97,57
2021-06-19,31.820000000000004,57
2021-06-20,30.8,57
2021-06-21,28.81,57
2021-06-22,28.91,57
2021-06-23,28.97,57
2021-06-24,29.63,57
2021-06-25,27.7,57
2021-06-26,26.05,57
2021-06-27,24.18,57
2021-06-28,27.08,57
2021-06-29,22.31,57
2021-06-30,23.22,57
2021-06-01,45.56,58
2021-06-02,45.190000000000005,58
2021-06-03,42.48,58
2021-06-04,39.1,58
2021-06-05,44.63,58
2021-06-06,40.18,58
2021-06-07,38.87,58
2021-06-08,37.92,58
2021-06-09,39.23,58
2021-06-10,35.09,58
2021-06-11,32.05,58
2021-06-12,33.29,58
2021-06-13,30.52,58
2021-06-14,30.84,58
2021-06-15,32.96,58
2021-06-16,29.34,58
2021-06-17,29.21,58
2021-06-18,29.92,58
2021-06-19,29.570000000000004,58
2021-06-20,22.61,58
2021-06-21,24.17,58
2021-06-22,22.74,58
2021-06-23,23.770000000000003,58
2021-06-24,23.58,58
2021-06-25,20.97,58
2021-06-26,23.85,58
2021-06-27,19.07,58
2021-06-28,18.02,58
2021-06-29,16.84,58
2021-06-30,19.630000000000003,58
2021-06-01,54.2,59
2021-06-02,47.96,59
2021-06-03,48.43,59
2021-06-04,47.32,59
2021-06-05,44.64,59
2021-06-06,43.25000000000001,59
2021-06-07,39.22,59
2021-06-08,35.52,59
2021-06-09,37.37,59
2021-06-10,35.87,59
2021-06-11,29.31,59
2021-06-12,30.08,59
2021-06-13,28.43,59
2021-06-14,26.52,59
2021-06-15,20.96,59
2021-06-16,20.950000000000003,59
2021-06-17,20.94,59
2021-06-18,16.19,59
2021-06-19,13.590000000000002,59
2021-06-20,15.44,59
2021-06-21,13.73,59
2021-06-22,8.61,59
2021-06-23,8.98,59
2021-06-24,4.0,59
2021-06-25,6.109999999999999,59
2021-06-26,5.52,59
2021-06-27,3.61,59
2021-06-28,4.51,59
2021-06-29,-0.07,59
2021-06-30,-0.5699999999999998,59
2021-06-01,53.440000000000005,60
2021-06-02,48.1,60
2021-06-03,46.94,60
2021-06-04,49.23,60
2021-06-05,46.04,60
2021-06-06,48.56,60
2021-06-07,45.65,60
2021-06-08,46.27,60
2021-06-09,41.72,60
2021-06-10,42.45,60
2021-06-11,40.66,60
2021-06-12,42.15,60
2021-06-13,40.1,60
2021-06-14,40.010000000000005,60
2021-06-15,34.39,60
2021-06-16,36.47,60
2021-06-17,32.02,60
2021-06-18,36.28,60
2021-06-19,36.28,60
2021-06-20,28.58,60
2021-06-21,32.239999999999995,60
2021-06-22,29.64,60
2021-06-23,28.72,60
2021-06-24,27.72,60
2021-06-25,28.83,60
2021-06-26,27.55,60
2021-06-27,25.610000000000003,60
2021-06-28,22.42,60
2021-06-29,24.91,60
2021-06-30,18.23,60
2021-06-01,44.85,61
2021-06-02,46.92,61
2021-06-03,46.46,61
2021-06-04,40.06,61
2021-06-05,38.99,61
2021-06-06,39.470000000000006,61
2021-06-07,36.09,61
2021-06-08,35.77,61
2021-06-09,39.0,61
2021-06-10,32.92999999999999,61
2021-06-11,38.38,61
2021-06-12,33.34,61
2021-06-13,34.029999999999994,61
2021-06-14,31.41,61
2021-06-15,28.410000000000004,61
2021-06-16,28.57,61
2021-06-17,25.21,61
2021-06-18,28.4,61
2021-06-19,27.96,61
2021-06-20,27.3,61
2021-06-21,26.98,61
2021-06-22,26.79,61
2021-06-23,23.71,61
2021-06-24,21.89,61
2021-06-25,20.1,61
2021-06-26,21.57,61
2021-06-27,18.860000000000003,61
2021-06-28,21.0,61
2021-06-29,19.62,61
2021-06-30,17.93,61
2021-06-01,51.03000000000001,62
2021-06-02,47.66,62
2021-06-03,47.63999999999999,62
2021-06-04,43.38,62
2021-06-05,43.96,62
2021-06-06,39.59,62
2021-06-07,40.83,62
2021-06-08,42.38,62
2021-06-09,38.09,62
2021-06-10,34.60999999999999,62
2021-06-11,31.16,62
2021-06-12,32.29,62
2021-06-13,26.03,62
2021-06-14,21.94,62
2021-06-15,20.37,62
2021-06-16,16.99,62
2021-06-17,18.78,62
2021-06-18,19.84,62
2021-06-19,15.12,62
2021-06-20,11.85,62
2021-06-21,13.68,62
2021-06-22,9.25,62
2021-06-23,6.55,62
2021-06-24,9.33,62
2021-06-25,5.880000000000001,62
2021-06-26,6.63,62
2021-06-27,1.4500000000000002,62
2021-06-28,1.3200000000000005,62
2021-06-29,2.71,62
2021-06-30,-0.49,62
2021-06-01,51.67,63
2021-06-02,51.14,63
2021-06-03,50.06,63
2021-06-04,47.32,63
2021-06-05,43.87,63
2021-06-06,43.64,63
2021-06-07,44.65,63
2021-06-08,44.260000000000005,63
2021-06-09,40.4,63
2021-06-10,43.21,63
2021-06-11,40.57999999999999,63
2021-06-12,41.13999999999999,63
2021-06-13,36.8,63
2021-06-14,40.510000000000005,63
2021-06-15,35.61000000000001,63
2021-06-16,37.63,63
2021-06-17,31.3,63
2021-06-18,31.57,63
2021-06-19,29.96,63
2021-06-20,30.1,63
2021-06-21,33.02,63
2021-06-22,28.89,63
2021-06-23,26.95,63
2021-06-24,30.17,63
2021-06-25,25.81,63
2021-06-26,26.51,63
2021-06-27,27.46,63
2021-06-28,25.9,63
2021-06-29,23.44,63
2021-06-30,22.61,63
2021-06-01,45.34,64
2021-06-02,45.78,64
2021-06-03,46.21999999999999,64
2021-06-04,41.89,64
2021-06-05,40.2,64
2021-06-06,40.9,64
2021-06-07,36.07000000000001,64
2021-06-08,39.8,64
2021-06-09,39.01,64
2021-06-10,34.23,64
2021-06-11,32.57,64
2021-06-12,36.65,64
2021-06-13,31.39,64
2021-06-14,34.29,64
2021-06-15,27.24,64
2021-06-16,29.06,64
2021-06-17,27.36,64
2021-06-18,27.01,64
2021-06-19,25.58,64
2021-06-20,25.68,64
2021-06-21,21.610000000000003,64
2021-06-22,23.71,64
2021-06-23,20.520000000000003,64
2021-06-24,20.85,64
2021-06-25,22.4,64
2021-06-26,20.4,64
2021-06-27,16.330000000000002,64
2021-06-28,17.73,64
2021-06-29,21.9,64
2021-06-30,19.23,64
2021-06-01,54.81,65
2021-06-02,51.39,65
2021-06-03,46.9,65
2021-06-04,45.78,65
2021-06-05,44.32,65
2021-06-06,44.36000000000001,65
2021-06-07,43.290000000000006,65
2021-06-08,39.08,65
2021-06-09,36.55,65
2021-06-10,32.88,65
2021-06-11,32.57,65
2021-06-12,32.410000000000004,65
2021-06-13,26.97,65
2021-06-14,25.49,65
2021-06-15,20.62,65
2021-06-16,16.490000000000002,65
2021-06-17,17.680000000000003,65
2021-06-18,18.48,65
2021-06-19,17.26,65
2021-06-20,15.09,65
2021-06-21,11.34,65
2021-06-22,9.11,65
2021-06-23,9.73,65
2021-06-24,6.98,65
2021-06-25,7.66,65
2021-06-26,5.99,65
2021-06-27,4.170000000000001,65
2021-06-28,3.65,65
2021-06-29,-2.49,65
2021-06-30,-2.5,65
2021-06-01,52.8,66
2021-06-02,47.14,66
2021-06-03,52.54,66
2021-06-04,45.32,66
2021-06-05,46.0,66
2021-06-06,42.82,66
2021-06-07,43.85,66
2021-06-08,46.1,66
2021-06-09,42.62,66
2021-06-10,41.86,66
2021-06-11,38.95,66
2021-06-12,40.77,66
2021-06-13,36.58,66
2021-06-14,39.35000000000001,66
2021-06-15,34.5,66
2021-06-16,36.58,66
2021-06-17,32.309999999999995,66
2021-06-18,30.56,66
2021-06-19,30.82,66
2021-06-20,33.05,66
2021-06-21,30.58,66
2021-06-22,31.71,66
2021-06-23,30.98,66
2021-06-24,28.77,66
2021-06-25,29.9,66
2021-06-26,24.94,66
2021-06-27,24.5,66
2021-06-28,21.73,66
2021-06-29,26.82,66
2021-06-30,24.81,66
2021-06-01,44.88,67
2021-06-02,46.7,67
2021-06-03,45.63999999999999,67
2021-06-04,44.07,67
2021-06-05,39.39,67
2021-06-06,37.82000000000001,67
2021-06-07,39.42,67
2021-06-08,35.970000000000006,67
2021-06-09,38.08,67
2021-06-10,35.5,67
2021-06-11,33.88,67
2021-06-12,32.71,67
2021-06-13,34.529999999999994,67
2021-06-14,31.55,67
2021-06-15,29.58,67
2021-06-16,27.71,67
2021-06-17,24.99,67
2021-06-18,27.19,67
2021-06-19,28.39,67
2021-06-20,28.05,67
2021-06-21,24.91,67
2021-06-22,26.270000000000003,67
2021-06-23,26.62,67
2021-06-24,21.74,67
2021-06-25,22.880000000000003,67
2021-06-26,21.99,67
2021-06-27,18.21,67
2021-06-28,21.29,67
2021-06-29,20.08,67
2021-06-30,19.44,67
2021-06-01,55.760000000000005,68
2021-06-02,50.32000000000001,68
2021-06-03,49.15,68
2021-06-04,47.28,68
2021-06-05,42.1,68
2021-06-06,44.98,68
2021-06-07,41.53,68
2021-06-08,40.77,68
2021-06-09,34.39,68
2021-06-10,30.19,68
2021-06-11,28.74,68
2021-06-12,26.67,68
2021-06-13,27.95,68
2021-06-14,22.5,68
2021-06-15,20.53,68
2021-06-16,18.75,68
2021-06-17,15.580000000000002,68
2021-06-18,19.62,68
2021-06-19,17.490000000000002,68
2021-06-20,15.739999999999998,68
2021-06-21,13.58,68
2021-06-22,13.5,68
2021-06-23,12.09,68
2021-06-24,8.74,68
2021-06-25,7.4,68
2021-06-26,4.04,68
2021-06-27,4.53,68
2021-06-28,0.4599999999999999,68
2021-06-29,1.0499999999999998,68
2021-06-30,0.71,68
2021-06-01,53.010000000000005,69
2021-06-02,52.24,69
2021-06-03,47.62,69
2021-06-04,46.59,69
2021-06-05,45.120000000000005,69
2021-06-06,44.01,69
2021-06-07,42.44,69
2021-06-08,44.580000000000005,69
2021-06-09,39.17,69
2021-06-10,43.41,69
2021-06-11,41.1,69
2021-06-12,40.03,69
2021-06-13,40.54,69
2021-06-14,39.4,69
2021-06-15,39.470000000000006,69
2021-06-16,33.599999999999994,69
2021-06-17,36.69,69
2021-06-18,32.03,69
2021-06-19,30.12,69
2021-06-20,33.779999999999994,69
2021-06-21,32.54,69
2021-06-22,29.18,69
2021-06-23,29.92,69
2021-06-24,29.49,69
2021-06-25,28.0,69
2021-06-26,28.200000000000003,69
2021-06-27,23.88,69
2021-06-28,25.27,69
2021-06-29,22.78,69
2021-06-30,22.71,69
2021-06-01,43.93,70
2021-06-02,42.71,70
2021-06-03,46.4,70
2021-06-04,43.34,70
2021-06-05,42.79,70
2021-06-06,40.73,70
2021-06-07,40.66,70
2021-06-08,36.75,70
2021-06-09,34.36,70
2021-06-10,36.85999999999999,70
2021-06-11,36.61,70
2021-06-12,37.23,70
2021-06-13,32.42999999999999,70
2021-06-14,29.98,70
2021-06-15,31.48,70
2021-06-16,27.380000000000003,70
2021-06-17,29.55,70
2021-06-18,25.11,70
2021-06-19,27.74,70
2021-06-20,24.700000000000003,70
2021-06-21,24.290000000000003,70
2021-06-22,24.950000000000003,70
2021-06-23,24.26,70
2021-06-24,22.61,70
2021-06-25,19.64,70
2021-06-26,21.57,70
2021-06-27,20.16,70
2021-06-28,17.66,70
2021-06-29,17.46,70
2021-06-30,20.69,70
2021-06-01,50.39,71
2021-06-02,51.77,71
2021-06-03,47.28,71
2021-06-04,43.24,71
2021-06-05,41.24,71
2021-06-06,45.07,71
2021-06-07,37.7,71
2021-06-08,40.96,71
2021-06-09,38.66,71
2021-06-10,32.46,71
2021-06-11,32.32,71
2021-06-12,30.85,71
2021-06-13,28.94,71
2021-06-14,24.68,71
2021-06-15,20.48,71
2021-06-16,23.42,71
2021-06-17,19.27,71
2021-06-18,17.61,71
2021-06-19,14.69,71
2021-06-20,15.44,71
2021-06-21,13.590000000000002,71
2021-06-22,10.71,71
2021-06-23,9.11,71
2021-06-24,9.57,71
2021-06-25,8.87,71
2021-06-26,3.49,71
2021-06-27,4.73,71
2021-06-28,0.4300000000000001,71
2021-06-29,2.65,71
2021-06-30,-1.02,71
2021-06-01,51.47,72
2021-06-02,47.49000000000001,72
2021-06-03,48.13,72
2021-06-04,45.55,72
2021-06-05,49.36,72
2021-06-06,46.02,72
2021-06-07,46.31,72
2021-06-08,42.35,72
2021-06-09,44.42,72
2021-06-10,41.15,72
2021-06-11,40.31999999999999,72
2021-06-12,41.65,72
2021-06-13,38.45,72
2021-06-14,36.39000000000001,72
2021-06-15,36.35,72
2021-06-16,37.53,72
2021-06-17,34.93,72
2021-06-18,34.37,72
2021-06-19,34.2,72
2021-06-20,29.28,72
2021-06-21,30.44,72
2021-06-22,32.45,72
2021-06-23,26.51,72
2021-06-24,27.63,72
2021-06-25,30.97,72
2021-06-26,24.83,72
2021-06-27,25.39,72
2021-06-28,26.62,72
2021-06-29,25.55,72
2021-06-30,25.52,72
2021-06-01,47.36,73
2021-06-02,46.63,73
2021-06-03,41.93,73
2021-06-04,42.37,73
2021-06-05,38.51,73
2021-06-06,38.620000000000005,73
2021-06-07,36.03,73
2021-06-08,34.53,73
2021-06-09,37.92999999999999,73
2021-06-10,33.459999999999994,73
2021-06-11,37.24999999999999,73
2021-06-12,34.379999999999995,73
2021-06-13,31.42,73
2021-06-14,29.31,73
2021-06-15,31.89,73
2021-06-16,29.66,73
2021-06-17,26.31,73
2021-06-18,28.19,73
2021-06-19,27.790000000000003,73
2021-06-20,25.67,73
2021-06-21,27.790000000000003,73
2021-06-22,23.3,73
2021-06-23,22.590000000000003,73
2021-06-24,22.32,73
2021-06-25,19.62,73
2021-06-26,21.56,73
2021-06-27,17.53,73
2021-06-28,21.58,73
2021-06-29,17.09,73
2021-06-30,18.49,73
2021-06-01,55.260000000000005,74
2021-06-02,52.760000000000005,74
2021-06-03,46.23,74
2021-06-04,42.47,74
2021-06-05,42.11,74
2021-06-06,44.61,74
2021-06-07,40.81,74
2021-06-08,39.63,74
2021-06-09,37.42,74
2021-06-10,29.32,74
2021-06-11,27.59,74
2021-06-12,32.35,74
2021-06-13,26.96,74
2021-06-14,23.0,74
2021-06-15,22.95,74
2021-06-16,18.46,74
2021-06-17,20.67,74
2021-06-18,17.0,74
2021-06-19,16.720000000000002,74
2021-06-20,16.97,74
2021-06-21,11.85,74
2021-06-22,12.62,74
2021-06-23,8.100000000000001,74
2021-06-24,3.75,74
2021-06-25,5.22,74
2021-06-26,4.2,74
2021-06-27,4.98,74
2021-06-28,1.0,74
2021-06-29,-2.0500000000000003,74
2021-06-30,2.97,74
2021-06-01,50.1,75
2021-06-02,50.6,75
2021-06-03,49.26,75
2021-06-04,49.81,75
2021-06-05,48.0,75
2021-06-06,43.43,75
2021-06-07,42.88,75
2021-06-08,45.44,75
2021-06-09,44.91,75
2021-06-10,38.73,75
2021-06-11,42.96,75
2021-06-12,41.97,75
2021-06-13,35.73,75
2021-06-14,37.05,75
2021-06-15,34.42,75
2021-06-16,38.1,75
2021-06-17,35.78,75
2021-06-18,31.45,75
2021-06-19,36.17,75
2021-06-20,35.32,75
2021-06-21,30.81,75
2021-06-22,32.96,75
2021-06-23,27.24,75
2021-06-24,30.129999999999995,75
2021-06-25,26.67,75
2021-06-26,25.4,75
2021-06-27,27.1,75
2021-06-28,25.130000000000003,75
2021-06-29,22.39,75
2021-06-30,21.1,75
2021-06-01,44.33,76
2021-06-02,46.53,76
2021-06-03,46.97,76
2021-06-04,42.75,76
2021-06-05,42.08,76
2021-06-06,39.86,76
2021-06-07,37.35999999999999,76
2021-06-08,40.31,76
2021-06-09,35.4,76
2021-06-10,39.49,76
2021-06-11,34.059999999999995,76
2021-06-12,36.31,76
2021-06-13,36.06999999999999,76
2021-06-14,32.26,76
2021-06-15,33.190000000000005,76
2021-06-16,28.540000000000003,76
2021-06-17,25.95,76
2021-06-18,25.26,76
2021-06-19,26.43,76
2021-06-20,26.53,76
2021-06-21,27.51,76
2021-06-22,24.520000000000003,76
2021-06-23,24.410000000000004,76
2021-06-24,23.06,76
2021-06-25,23.01,76
2021-06-26,17.6,76
2021-06-27,18.75,76
2021-06-28,18.35,76
2021-06-29,19.79,76
2021-06-30,17.160000000000004,76
2021-06-01,55.440000000000005,77
2021-06-02,50.6,77
2021-06-03,46.49,77
2021-06-04,45.85,77
2021-06-05,46.32,77
2021-06-06,42.68,77
2021-06-07,42.95,77
2021-06-08,41.09,77
2021-06-09,35.27,77
2021-06-10,30.03,77
2021-06-11,29.48,77
2021-06-12,25.92,77
2021-06-13,28.49,77
2021-06-14,25.79,77
2021-06-15,21.87,77
2021-06-16,21.7,77
2021-06-17,16.0,77
2021-06-18,18.98,77
2021-06-19,19.15,77
2021-06-20,12.49,77
2021-06-21,12.49,77
2021-06-22,8.219999999999999,77
2021-06-23,9.239999999999998,77
2021-06-24,9.23,77
2021-06-25,4.18,77
2021-06-26,6.78,77
2021-06-27,6.790000000000001,77
2021-06-28,2.5500000000000003,77
2021-06-29,3.95,77
2021-06-30,-1.5500000000000005,77
2021-06-01,50.6,78
2021-06-02,49.67,78
2021-06-03,51.26,78
2021-06-04,49.99,78
2021-06-05,50.19,78
2021-06-06,46.54,78
2021-06-07,44.05,78
2021-06-08,43.43,78
2021-06-09,42.84,78
2021-06-10,43.0,78
2021-06-11,39.71,78
2021-06-12,40.93,78
2021-06-13,37.13,78
2021-06-14,40.89,78
2021-06-15,33.599999999999994,78
2021-06-16,33.989999999999995,78
2021-06-17,33.79999999999999,78
2021-06-18,33.74,78
2021-06-19,33.11,78
2021-06-20,34.66,78
2021-06-21,31.6,78
2021-06-22,31.380000000000003,78
2021-06-23,27.98,78
2021-06-24,25.58,78
2021-06-25,27.81,78
2021-06-26,27.36,78
2021-06-27,25.85,78
2021-06-28,24.72,78
2021-06-29,21.52,78
2021-06-30,19.01,78
2021-06-01,47.19,79
2021-06-02,44.58,79
2021-06-03,43.06,79
2021-06-04,42.13,79
2021-06-05,40.9,79
2021-06-06,39.11,79
2021-06-07,37.3,79
2021-06-08,35.190000000000005,79
2021-06-09,35.93,79
2021-06-10,38.04,79
2021-06-11,34.529999999999994,79
2021-06-12,37.2,79
2021-06-13,30.98,79
2021-06-14,34.809999999999995,79
2021-06-15,28.620000000000005,79
2021-06-16,29.97,79
2021-06-17,25.85,79
2021-06-18,28.95,79
2021-06-19,27.020000000000003,79
2021-06-20,28.25,79
2021-06-21,27.660000000000004,79
2021-06-22,21.85,79
2021-06-23,21.340000000000003,79
2021-06-24,24.19,79
2021-06-25,24.51,79
2021-06-26,20.56,79
2021-06-27,17.740000000000002,79
2021-06-28,22.51,79
2021-06-29,19.81,79
2021-06-30,17.65,79
2021-06-01,56.79,80
2021-06-02,50.48,80
2021-06-03,48.83,80
2021-06-04,43.34,80
2021-06-05,44.27,80
2021-06-06,44.2,80
2021-06-07,39.690000000000005,80
2021-06-08,37.7,80
2021-06-09,36.78,80
2021-06-10,35.59,80
2021-06-11,31.1,80
2021-06-12,33.11,80
2021-06-13,27.65,80
2021-06-14,24.85,80
2021-06-15,21.8,80
2021-06-16,19.84,80
2021-06-17,19.57,80
2021-06-18,16.59,80
2021-06-19,14.52,80
2021-06-20,16.89,80
2021-06-21,12.03,80
2021-06-22,11.919999999999998,80
2021-06-23,11.04,80
2021-06-24,10.74,80
2021-06-25,5.78,80
2021-06-26,6.05,80
2021-06-27,1.7200000000000002,80
2021-06-28,1.6700000000000004,80
2021-06-29,2.99,80
2021-06-30,0.54,80
2021-06-01,49.71,81
2021-06-02,50.900000000000006,81
2021-06-03,49.5,81
2021-06-04,49.61,81
2021-06-05,45.2,81
2021-06-06,47.81,81
2021-06-07,48.0,81
2021-06-08,42.99,81
2021-06-09,43.6,81
2021-06-10,41.75000000000001,81
2021-06-11,38.74,81
2021-06-12,44.55,81
2021-06-13,38.67999999999999,81
2021-06-14,42.18,81
2021-06-15,37.620000000000005,81
2021-06-16,36.77,81
2021-06-17,36.29,81
2021-06-18,33.62,81
2021-06-19,35.1,81
2021-06-20,30.3,81
2021-06-21,32.08,81
2021-06-22,27.5,81
2021-06-23,26.79,81
2021-06-24,24.95,81
2021-06-25,26.41,81
2021-06-26,25.46,81
2021-06-27,25.31,81
2021-06-28,21.62,81
2021-06-29,23.1,81
2021-06-30,23.0,81
2021-06-01,45.3,82
2021-06-02,46.01,82
2021-06-03,45.49,82
2021-06-04,41.54,82
2021-06-05,39.24999999999999,82
2021-06-06,38.67,82
2021-06-07,37.46,82
2021-06-08,38.2,82
2021-06-09,39.72,82
2021-06-10,39.65,82
2021-06-11,37.05,82
2021-06-12,34.71,82
2021-06-13,33.61,82
2021-06-14,28.4,82
2021-06-15,29.41,82
2021-06-16,30.89,82
2021-06-17,30.08,82
2021-06-18,30.22,82
2021-06-19,25.29,82
2021-06-20,25.73,82
2021-06-21,24.33,82
2021-06-22,21.17,82
2021-06-23,22.570000000000004,82
2021-06-24,23.590000000000003,82
2021-06-25,24.25,82
2021-06-26,23.26,82
2021-06-27,23.55,82
2021-06-28,20.93,82
2021-06-29,17.369999999999997,82
2021-06-30,18.85,82
2021-06-01,53.17,83
2021-06-02,50.760000000000005,83
2021-06-03,46.63,83
2021-06-04,43.63999999999999,83
2021-06-05,41.31999999999999,83
2021-06-06,44.24,83
2021-06-07,41.69,83
2021-06-08,38.28,83
2021-06-09,37.41,83
2021-06-10,32.47,83
2021-06-11,32.6,83
2021-06-12,27.79,83
2021-06-13,25.49,83
2021-06-14,23.25,83
2021-06-15,18.43,83
2021-06-16,21.29,83
2021-06-17,17.250000000000004,83
2021-06-18,16.04,83
2021-06-19,18.62,83
2021-06-20,11.45,83
2021-06-21,12.27,83
2021-06-22,12.71,83
2021-06-23,10.16,83
2021-06-24,10.84,83
2021-06-25,7.529999999999999,83
2021-06-26,6.17,83
2021-06-27,6.4,83
2021-06-28,3.06,83
2021-06-29,-1.4800000000000002,83
2021-06-30,-0.98,83
2021-06-01,49.27,84
2021-06-02,52.1,84
2021-06-03,47.42999999999999,84
2021-06-04,48.7,84
2021-06-05,49.26,84
2021-06-06,42.35,84
2021-06-07,44.53,84
2021-06-08,42.96,84
2021-06-09,41.89,84
2021-06-10,43.34,84
2021-06-11,39.88999999999999,84
2021-06-12,39.38,84
2021-06-13,37.42,84
2021-06-14,35.33,84
2021-06-15,38.09,84
2021-06-16,38.16,84
2021-06-17,33.64,84
2021-06-18,33.71,84
2021-06-19,31.68,84
2021-06-20,33.02,84
2021-06-21,30.24,84
2021-06-22,30.01,84
2021-06-23,29.36,84
2021-06-24,27.32,84
2021-06-25,30.06,84
2021-06-26,26.610000000000003,84
2021-06-27,26.05,84
2021-06-28,21.59,84
2021-06-29,24.91,84
2021-06-30,22.880000000000003,84
2021-06-01,44.67,85
2021-06-02,47.34,85
2021-06-03,45.7,85
2021-06-04,41.46,85
2021-06-05,38.92999999999999,85
2021-06-06,39.760000000000005,85
2021-06-07,39.06,85
2021-06-08,37.2,85
2021-06-09,36.54,85
2021-06-10,39.28,85
2021-06-11,35.309999999999995,85
2021-06-12,33.739999999999995,85
2021-06-13,29.67,85
2021-06-14,32.47,85
2021-06-15,28.42,85
2021-06-16,31.730000000000004,85
2021-06-17,29.31,85
2021-06-18,29.35,85
2021-06-19,24.71,85
2021-06-20,24.28,85
2021-06-21,28.23,85
2021-06-22,25.36,85
2021-06-23,22.09,85
2021-06-24,24.94,85
2021-06-25,18.790000000000003,85
2021-06-26,19.72,85
2021-06-27,17.26,85
2021-06-28,21.11,85
2021-06-29,21.87,85
2021-06-30,17.03,85
2021-06-01,51.75000000000001,86
2021-06-02,47.74,86
2021-06-03,45.84,86
2021-06-04,44.94,86
2021-06-05,46.49,86
2021-06-06,41.17,86
2021-06-07,37.72,86
2021-06-08,40.04,86
2021-06-09,34.33,86
2021-06-10,35.73,86
2021-06-11,28.48,86
2021-06-12,26.9,86
2021-06-13,25.54,86
2021-06-14,24.55,86
2021-06-15,20.09,86
2021-06-16,19.42,86
2021-06-17,17.97,86
2021-06-18,19.16,86
2021-06-19,15.32,86
2021-06-20,13.7,86
2021-06-21,13.83,86
2021-06-22,14.45,86
2021-06-23,10.18,86
2021-06-24,7.640000000000001,86
2021-06-25,4.32,86
2021-06-26,4.98,86
2021-06-27,4.890000000000001,86
2021-06-28,-0.3299999999999996,86
2021-06-29,2.3,86
2021-06-30,-1.7,86
2021-06-01,47.86,87
2021-06-02,51.56,87
2021-06-03,49.42,87
2021-06-04,45.42,87
2021-06-05,46.75,87
2021-06-06,47.84,87
2021-06-07,45.7,87
2021-06-08,44.91,87
2021-06-09,40.79,87
2021-06-10,39.650000000000006,87
2021-06-11,40.83,87
2021-06-12,38.74,87
2021-06-13,37.02,87
2021-06-14,36.24,87
2021-06-15,33.94,87
2021-06-16,39.12,87
2021-06-17,31.969999999999995,87
2021-06-18,31.520000000000003,87
2021-06-19,32.44,87
2021-06-20,33.099999999999994,87
2021-06-21,31.89,87
2021-06-22,29.63,87
2021-06-23,28.44,87
2021-06-24,25.7,87
2021-06-25,26.5,87
2021-06-26,29.03,87
2021-06-27,25.43,87
2021-06-28,21.47,87
2021-06-29,26.24,87
2021-06-30,25.73,87
2021-06-01,48.96,88
2021-06-02,41.6,88
2021-06-03,41.81,88
2021-06-04,42.54,88
2021-06-05,42.15,88
2021-06-06,41.440000000000005,88
2021-06-07,40.37,88
2021-06-08,38.58,88
2021-06-09,35.660000000000004,88
2021-06-10,38.84,88
2021-06-11,36.88,88
2021-06-12,32.58,88
2021-06-13,30.27,88
2021-06-14,30.92,88
2021-06-15,28.02,88
2021-06-16,31.83,88
2021-06-17,30.200000000000003,88
2021-06-18,25.58,88
2021-06-19,27.42,88
2021-06-20,28.58,88
2021-06-21,24.78,88
2021-06-22,25.99,88
2021-06-23,21.450000000000003,88
2021-06-24,22.11,88
2021-06-25,21.630000000000003,88
2021-06-26,22.22,88
2021-06-27,18.12,88
2021-06-28,21.03,88
2021-06-29,20.12,88
2021-06-30,19.69,88
2021-06-01,53.21,89
2021-06-02,52.11,89
2021-06-03,47.19,89
2021-06-04,44.48,89
2021-06-05,43.09,89
2021-06-06,39.72,89
2021-06-07,41.24,89
2021-06-08,37.51,89
2021-06-09,35.95,89
2021-06-10,33.19,89
2021-06-11,29.059999999999995,89
2021-06-12,32.66,89
2021-06-13,27.93,89
2021-06-14,21.61,89
2021-06-15,18.43,89
2021-06-16,20.04,89
2021-06-17,18.43,89
2021-06-18,14.57,89
2021-06-19,16.830000000000002,89
2021-06-20,17.3,89
2021-06-21,12.77,89
2021-06-22,8.84,89
2021-06-23,7.64,89
2021-06-24,6.2,89
2021-06-25,7.96,89
2021-06-26,4.619999999999999,89
2021-06-27,5.53,89
2021-06-28,3.5,89
2021-06-29,-1.26,89
2021-06-30,-1.68,89
2021-06-01,50.09,90
2021-06-02,48.36,90
2021-06-03,47.27,90
2021-06-04,48.45,90
2021-06-05,45.49,90
2021-06-06,44.75000000000001,90
2021-06-07,40.78,90
2021-06-08,45.78,90
2021-06-09,43.33,90
2021-06-10,41.7,90
2021-06-11,39.68,90
2021-06-12,44.010000000000005,90
2021-06-13,37.58,90
2021-06-14,36.870000000000005,90
2021-06-15,37.54,90
2021-06-16,35.95,90
2021-06-17,33.25,90
2021-06-18,32.85,90
2021-06-19,31.99,90
2021-06-20,33.49,90
2021-06-21,28.17,90
2021-06-22,31.52,90
2021-06-23,26.84,90
2021-06-24,25.66,90
2021-06-25,30.66,90
2021-06-26,28.56,90
2021-06-27,27.71,90
2021-06-28,22.41,90
2021-06-29,25.32,90
2021-06-30,22.15,90
2021-06-01,47.49,91
2021-06-02,45.83,91
2021-06-03,41.52,91
2021-06-04,42.3,91
2021-06-05,44.3,91
2021-06-06,40.35,91
2021-06-07,41.23,91
2021-06-08,41.24,91
2021-06-09,36.46,91
2021-06-10,38.05,91
2021-06-11,32.26,91
2021-06-12,31.669999999999995,91
2021-06-13,30.109999999999992,91
2021-06-14,32.33,91
2021-06-15,26.980000000000004,91
2021-06-16,28.05,91
2021-06-17,27.860000000000003,91
2021-06-18,28.47,91
2021-06-19,27.32,91
2021-06-20,27.25,91
2021-06-21,24.64,91
2021-06-22,26.74,91
2021-06-23,24.17,91
2021-06-24,24.27,91
2021-06-25,19.06,91
2021-06-26,19.31,91
2021-06-27,20.68,91
2021-06-28,21.83,91
2021-06-29,18.37,91
2021-06-30,16.17,91
2021-06-01,51.88,92
2021-06-02,51.61000000000001,92
2021-06-03,45.62,92
2021-06-04,46.37,92
2021-06-05,43.24,92
2021-06-06,45.95,92
2021-06-07,40.13,92
2021-06-08,36.64999999999999,92
2021-06-09,35.73,92
2021-06-10,30.75,92
2021-06-11,31.68,92
2021-06-12,29.35,92
2021-06-13,28.01,92
2021-06-14,21.94,92
2021-06-15,24.39,92
2021-06-16,18.81,92
2021-06-17,18.360000000000003,92
2021-06-18,19.7,92
2021-06-19,14.64,92
2021-06-20,17.33,92
2021-06-21,15.26,92
2021-06-22,10.85,92
2021-06-23,10.53,92
2021-06-24,5.49,92
2021-06-25,5.95,92
2021-06-26,5.699999999999999,92
2021-06-27,5.83,92
2021-06-28,2.84,92
2021-06-29,1.2399999999999998,92
2021-06-30,0.19,92
2021-06-01,53.150000000000006,93
2021-06-02,48.27,93
2021-06-03,50.31999999999999,93
2021-06-04,45.88,93
2021-06-05,48.39,93
2021-06-06,46.34,93
2021-06-07,46.53,93
2021-06-08,48.64,93
2021-06-09,39.81,93
2021-06-10,38.760000000000005,93
2021-06-11,40.13,93
2021-06-12,42.28,93
2021-06-13,37.99,93
2021-06-14,39.040000000000006,93
2021-06-15,37.99,93
2021-06-16,35.86,93
2021-06-17,36.17,93
2021-06-18,33.13,93
2021-06-19,33.64,93
2021-06-20,31.31,93
2021-06-21,29.97,93
2021-06-22,28.4,93
2021-06-23,27.28,93
2021-06-24,29.54,93
2021-06-25,31.66,93
2021-06-26,27.53,93
2021-06-27,24.98,93
2021-06-28,26.45,93
2021-06-29,27.03,93
2021-06-30,23.09,93
2021-06-01,45.89,94
2021-06-02,42.41,94
2021-06-03,43.64,94
2021-06-04,43.35,94
2021-06-05,42.43,94
2021-06-06,39.57,94
2021-06-07,41.8,94
2021-06-08,40.24,94
2021-06-09,33.94,94
2021-06-10,33.91,94
2021-06-11,35.41,94
2021-06-12,31.28,94
2021-06-13,33.73,94
2021-06-14,29.84,94
2021-06-15,30.8,94
2021-06-16,25.92,94
2021-06-17,28.92,94
2021-06-18,27.11,94
2021-06-19,28.380000000000003,94
2021-06-20,25.31,94
2021-06-21,24.86,94
2021-06-22,26.3,94
2021-06-23,25.46,94
2021-06-24,23.000000000000004,94
2021-06-25,22.4,94
2021-06-26,23.21,94
2021-06-27,19.16,94
2021-06-28,22.85,94
2021-06-29,22.0,94
2021-06-30,17.53,94
2021-06-01,50.39000000000001,95
2021-06-02,51.75000000000001,95
2021-06-03,44.26,95
2021-06-04,47.95,95
2021-06-05,40.36,95
2021-06-06,45.45,95
2021-06-07,38.33,95
2021-06-08,39.16,95
2021-06-09,37.59,95
2021-06-10,34.23,95
2021-06-11,28.4,95
2021-06-12,30.32,95
2021-06-13,24.47,95
2021-06-14,27.22,95
2021-06-15,20.950000000000003,95
2021-06-16,19.78,95
2021-06-17,18.4,95
2021-06-18,16.4,95
2021-06-19,14.000000000000002,95
2021-06-20,12.81,95
2021-06-21,14.3,95
2021-06-22,10.35,95
2021-06-23,11.43,95
2021-06-24,4.720000000000001,95
2021-06-25,2.16,95
2021-06-26,3.1299999999999994,95
2021-06-27,4.47,95
2021-06-28,1.6000000000000003,95
2021-06-29,0.2899999999999999,95
2021-06-30,1.31,95
2021-06-01,47.52,96
2021-06-02,47.13,96
2021-06-03,48.27,96
2021-06-04,49.94,96
2021-06-05,47.720000000000006,96
2021-06-06,44.85,96
2021-06-07,47.09,96
2021-06-08,46.08,96
2021-06-09,44.35,96
2021-06-10,43.190000000000005,96
2021-06-11,42.74999999999999,96
2021-06-12,42.55,96
2021-06-13,37.02,96
2021-06-14,36.10000000000001,96
2021-06-15,36.03,96
2021-06-16,34.13999999999999,96
2021-06-17,35.50999999999999,96
2021-06-18,30.86,96
2021-06-19,30.82,96
2021-06-20,33.15,96
2021-06-21,27.85,96
2021-06-22,29.92,96
2021-06-23,27.84,96
2021-06-24,27.72,96
2021-06-25,30.13,96
2021-06-26,25.92,96
2021-06-27,26.78,96
2021-06-28,20.23,96
2021-06-29,25.39,96
2021-06-30,22.26,96
2021-06-01,47.95,97
2021-06-02,48.43,97
2021-06-03,42.31999999999999,97
2021-06-04,39.69,97
2021-06-05,44.19,97
2021-06-06,39.16,97
2021-06-07,37.23,97
2021-06-08,36.27,97
2021-06-09,38.51,97
2021-06-10,38.14999999999999,97
2021-06-11,37.49,97
2021-06-12,30.67,97
2021-06-13,29.32,97
2021-06-14,33.62,97
2021-06-15,31.13,97
2021-06-16,29.29,97
2021-06-17,25.540000000000003,97
2021-06-18,25.12,97
2021-06-19,27.3,97
2021-06-20,27.23,97
2021-06-21,23.46,97
2021-06-22,23.31,97
2021-06-23,24.090000000000003,97
2021-06-24,20.32,97
2021-06-25,21.22,97
2021-06-26,17.779999999999998,97
2021-06-27,21.4,97
2021-06-28,20.73,97
2021-06-29,22.26,97
2021-06-30,17.740000000000002,97
2021-06-01,54.05,98
2021-06-02,51.49000000000001,98
2021-06-03,45.06,98
2021-06-04,47.56,98
2021-06-05,39.870000000000005,98
2021-06-06,42.23,98
2021-06-07,38.38,98
2021-06-08,39.98,98
2021-06-09,34.94,98
2021-06-10,32.629999999999995,98
2021-06-11,29.29,98
2021-06-12,31.58,98
2021-06-13,28.96,98
2021-06-14,22.1,98
2021-06-15,20.93,98
2021-06-16,20.38,98
2021-06-17,21.410000000000004,98
2021-06-18,14.89,98
2021-06-19,15.150000000000002,98
2021-06-20,16.93,98
2021-06-21,16.42,98
2021-06-22,12.71,98
2021-06-23,8.35,98
2021-06-24,8.180000000000001,98
2021-06-25,4.35,98
2021-06-26,6.779999999999999,98
2021-06-27,4.32,98
2021-06-28,0.54,98
2021-06-29,2.12,98
2021-06-30,-1.11,98
2021-06-01,49.9,99
2021-06-02,51.36,99
2021-06-03,50.03999999999999,99
2021-06-04,47.18,99
2021-06-05,49.21,99
2021-06-06,46.31,99
2021-06-07,46.27,99
2021-06-08,46.14,99
2021-06-09,40.29,99
2021-06-10,38.830000000000005,99
2021-06-11,41.17,99
2021-06-12,41.97,99
2021-06-13,38.39,99
2021-06-14,39.02,99
2021-06-15,32.82000000000001,99
2021-06-16,36.17,99
2021-06-17,36.56,99
2021-06-18,34.95,99
2021-06-19,32.96,99
2021-06-20,34.73,99
2021-06-21,27.49,99
2021-06-22,30.65,99
2021-06-23,30.74,99
2021-06-24,28.4,99
2021-06-25,25.77,99
2021-06-26,23.770000000000003,99
2021-06-27,24.13,99
2021-06-28,23.7,99
2021-06-29,24.76,99